"timestamp","asset","open","close","high","low","3_month_return","1_year_return","life_return","notional","market_cap","trading_volume","30d_avg_trading_volume","dividend","effective_yield","30d_historical_volatility","next_payout_date","mstr_correlation","btc_correlation","spy_correlation","sppref_correlation","equity_component"
2025-12-01 00:00:00,"STRK",85.09,83.159,86.549,83.031,-0.09693531283138909,0.10498750000000008,0.10498750000000008,1397491200,1162139707.0080001,13902105.825000001,24287342.544999994,0.08,0.0962012530213206,0.42714979264965647,"2025-12-31",0.9292738998422404,0.7799066365107852,-0.7378092489004108,0.33032534264020474,0.18970406089539316
2025-11-28 00:00:00,"STRK",83.1,87.24,87.57,83,-0.0650602409638555,0.15599999999999994,0.15599999999999994,1397490000,1219170276,28013985.36,24429303.97613636,0.08,0.09170105456212747,0.4048399462845154,"2025-12-31",0.9355985831428796,0.7813586579275718,-0.7405267258914372,0.28998338379448657,0.2030949105914718
2025-11-26 00:00:00,"STRK",78.65,82.46,82.82,78.65,-0.1169890224777837,0.09624999999999992,0.09624999999999992,1397490000,1152370254,18433933,23551897.104999997,0.08,0.09701673538685424,0.3662507623994683,"2025-12-31",0.9440239784464678,0.7819802909576229,-0.7464906750951221,0.2548036874078744,0.21300024254183847
2025-11-25 00:00:00,"STRK",79.3,78.65,79.846,78.39,-0.14881266490765166,0.04862500000000007,0.04862500000000007,1397490000,1099125885,15496645.450000001,23784531.83704545,0.08,0.10171646535282898,0.33791554010035596,"2025-12-31",0.9478614460286539,0.7772795489417839,-0.7516100648809545,0.2175915207379911,0.21893197711379528
2025-11-24 00:00:00,"STRK",78.49,78.9,79.62,76.26,-0.16165803108808285,0.051750000000000074,0.051750000000000074,1397490000,1102619610,24855156.900000002,24179193.093571424,0.08,0.10139416983523447,0.33788926980683365,"2025-12-31",0.9465991197645228,0.758294041527433,-0.7569499335877685,0.16524260462682877,0.2269201520912547
2025-11-21 00:00:00,"STRK",74.41,76.45,77.5,74.3,-0.18102098340119013,0.02112500000000004,0.02112500000000004,1397490000,1068381105,23870136.400000002,22778476.662826084,0.08,0.10464355788096795,0.3234095990425286,"2025-12-31",0.9448165270027332,0.7408355351898819,-0.7665017764606096,0.10822844158610367,0.22302158273381295
2025-11-20 00:00:00,"STRK",76.39,75.6,77.975,74.61,-0.19334719334719344,0.010499999999999931,0.010499999999999931,1397490000,1056502439.9999999,28174910.4,22637336.597608693,0.08,0.10582010582010583,0.320278633047526,"2025-12-31",0.9446513665236898,0.7235758312784052,-0.7857550077701227,0.03801334853920179,0.23429894179894178
2025-11-19 00:00:00,"STRK",80.55,76.325,80.56,73.082,-0.19360650674353952,0.019562500000000038,0.019562500000000038,1397490000,1066634242.5,40149010.775,22267554.47152174,0.08,0.10481493612839829,0.3233048011155105,"2025-12-31",0.9450884499414153,0.7076253673481542,-0.8179510475250122,-0.061315066377749354,0.24434981984932852
2025-11-18 00:00:00,"STRK",78.54,80.78,82,78.5001,-0.17982760328940856,0.07525000000000001,0.07525000000000001,1397490000,1128892422,23116408.7,21454761.00318182,0.08,0.09903441445902451,0.28681634275844037,"2025-12-31",0.9444974237617961,0.683411653624077,-0.8362334112209016,-0.16061009029412515,0.2560039613765784
2025-11-17 00:00:00,"STRK",81.69,79.45,82.32,78.55,-0.20837787928856058,0.05862500000000004,0.05862500000000004,1397490000,1110305805,30891669.55,21375634.922380954,0.08,0.10069225928256764,0.27866984577680187,"2025-12-31",0.9463372400610071,0.6782909160496904,-0.848877100027791,-0.2290988959652915,0.2459660163624921
2025-11-14 00:00:00,"STRK",79.99,81.67,81.69,78.5,-0.19933014354066983,0.08637500000000002,0.08637500000000002,1396940000,1140880898,39378170.54,20833847.383913044,0.08,0.09795518550263255,0.27902961714582164,"2025-12-31",0.9446801275537768,0.6640887134085262,-0.8570367861770396,-0.29917060776029636,0.24458185380188563
2025-11-13 00:00:00,"STRK",85.5,80.86,86.7,80.31,-0.22560747663551403,0.07625,0.07625,1396940000,1129565684,36444329.74,20127685.21695652,0.08,0.09893643334157803,0.27541380593446396,"2025-12-31",0.9398468877299742,0.6280750536331224,-0.8556995715265404,-0.33388135783565076,0.25790254761315856
2025-11-12 00:00:00,"STRK",86.25,84.25,86.85,83.1201,-0.2013888888888889,0.11862500000000001,0.11862500000000001,1396940000,1176921950,20360781.75,19486011.50826087,0.08,0.09495548961424333,0.26399149863183274,"2025-12-31",0.9347311453024979,0.5807205102908508,-0.857174547641256,-0.39061826375789893,0.2665994065281899
2025-11-11 00:00:00,"STRK",87.88,86.04,87.88,85.71,-0.1935513419437574,0.14100000000000007,0.14100000000000007,1396940000,1201927176,10520799.120000001,19446249.224545453,0.08,0.09298000929800092,0.2790909108650341,"2025-12-31",0.9288715580887877,0.5234945700733303,-0.8590756544633167,-0.43211882970855475,0.2688865643886564
2025-11-10 00:00:00,"STRK",88.5,87.88,88.785,87,-0.1754128440366973,0.16399999999999995,0.16399999999999995,1396940000,1227630872,19044123.279999997,19871270.658095233,0.08,0.09103322712790168,0.2870834797772662,"2025-12-31",0.9269248005568692,0.47000480902565756,-0.8619063800184374,-0.4693236420319607,0.2718252162039144
2025-11-07 00:00:00,"STRK",86.81,88.1,88.4401,83.75,-0.17641681901279718,0.16674999999999993,0.16674999999999993,1391850000,1226219850,33394040.7,20902141.58304348,0.08,0.09080590238365495,0.28899008979176594,"2025-12-31",0.9285613395783776,0.4293755401568914,-0.8640085532139787,-0.4979553869449254,0.2746083995459705
2025-11-06 00:00:00,"STRK",88.12,87.27,88.23,87.02,-0.15822725129655824,0.15637499999999996,0.15637499999999996,1391850000,1214667495,17717031.779999997,18708541.051739126,0.08,0.09166953133952103,0.3026666103867845,"2025-12-31",0.9316497619442462,0.39374350419931003,-0.8662518516269405,-0.5366306909575705,0.27180016042167987
2025-11-05 00:00:00,"STRK",87.78,88,88.1,87.1539,-0.1524625670967134,0.1655,0.1655,1391850000,1224828000,20584960,18753609.654999997,0.08,0.09090909090909091,0.3097867560745357,"2025-12-31",0.9306566454277545,0.3337407540394785,-0.868185228759349,-0.5811895473248042,0.2897727272727273
2025-11-04 00:00:00,"STRK",87.2,86.87,88,86.87,-0.16765008897630412,0.15137500000000007,0.15137500000000007,1391850000,1209100095,20045165.630000003,18966011.42590909,0.08,0.09209163117301715,0.31915625499276123,"2025-12-31",0.9312633726334907,0.2798046992409792,-0.8709758099856951,-0.6233199443034265,0.2843213997927938
2025-11-03 00:00:00,"STRK",86.55,88.6,88.7445,84,-0.14528301886792458,0.17299999999999993,0.17299999999999993,1391850000,1233179100,21353486,18914623.13047619,0.08,0.09029345372460497,0.31657916331218694,"2025-12-31",0.934096407821114,0.24242120495762254,-0.8609832921952151,-0.6486464181681012,0.29872460496613995
2025-10-31 00:00:00,"STRK",85.5,86,86.81,85.49,-0.20870425321463892,0.1405,0.1405,1386910000,1192742600,23333606,18360830.823043473,0.08,0.09302325581395349,0.30301207239840444,"2025-12-31",0.935694811638968,0.21707071212639165,-0.8508757041224321,-0.6641637135211359,0.31338372093023253
2025-10-30 00:00:00,"STRK",86.31,83.2,86.695,83.2,-0.1852347709668164,0.10550000000000004,0.10550000000000004,1386910000,1153909120,25733094.400000002,18419291.966521736,0.08,0.09615384615384615,0.282392976430492,"2025-12-31",0.9346737827273135,0.19684389591682666,-0.8343899394545594,-0.6657301277217446,0.30597355769230766
2025-10-29 00:00:00,"STRK",87.7,86,88,85.88,-0.17741633950271082,0.1405,0.1405,1386910000,1192742600,16533242,17994501.444782604,0.08,0.09302325581395349,0.26842369848380726,"2025-12-31",0.9337330415121409,0.1614482807718778,-0.8145962940052912,-0.6682663547112606,0.3201860465116279
2025-10-28 00:00:00,"STRK",89.4,87.7,89.5,87.04,-0.13749999999999998,0.16175000000000003,0.16175000000000003,1386910000,1216320070,12509352.6,18060922.32863636,0.08,0.09122006841505131,0.2782283101670002,"2025-12-31",0.9327618103786621,0.14169084549110403,-0.7895194412905231,-0.6492879344127919,0.32456100342075256
2025-10-27 00:00:00,"STRK",89.13,88.7,89.444,87.18,-0.15940685820203895,0.17425000000000004,0.17425000000000004,1386910000,1230189170,19753578.7,18325282.791904755,0.08,0.09019165727170236,0.2802565963779643,"2025-12-31",0.931874140546389,0.13438414014888928,-0.760154036638279,-0.6247383881202875,0.3332919954904171
2025-10-24 00:00:00,"STRK",88.75,87.7,88.79,87.7,-0.1947935368043088,0.16175000000000003,0.16175000000000003,1367770000,1199534290,14032964.700000001,19789590.07217391,0.08,0.09122006841505131,0.27760952994154514,"2025-12-31",0.9308776039253334,0.12904980427959334,-0.7394810252757462,-0.603740052655262,0.3296237172177879
2025-10-23 00:00:00,"STRK",88.25,88.4,88.4,87.5901,-0.20868347338935567,0.17050000000000007,0.17050000000000007,1367770000,1209108680,14682444.4,20019019.683043476,0.08,0.09049773755656108,0.2904421538012696,"2025-12-31",0.9296328264230883,0.1142205892842549,-0.716780306103739,-0.5827767792950277,0.3223076923076923
2025-10-22 00:00:00,"STRK",88.5,87.98,88.6999,87.59,-0.2139081815402088,0.16525000000000006,0.16525000000000006,1367770000,1203364046,12281656.08,20021958.02384348,0.08,0.09092975676290066,0.2926125276610747,"2025-12-31",0.9289482586998462,0.10110369446452679,-0.7008956379249608,-0.5705132297351956,0.31917481245737667
2025-10-21 00:00:00,"STRK",89,88.38,89.9999,88.35,-0.23139722765541293,0.17024999999999996,0.17024999999999996,1367770000,1208835126,20623914.9,20373789.93038182,0.08,0.09051821679112922,0.29346937529423006,"2025-12-31",0.9283749235118536,0.0783082164373495,-0.6817048141282415,-0.5588563807132109,0.3416044353926228
2025-10-20 00:00:00,"STRK",89.65,88.5,90.715,88.26,-0.23415418464923415,0.17175,0.17175,1367770000,1210476450,19669921.5,20361879.21754286,0.08,0.0903954802259887,0.29404835301538124,"2025-12-31",0.9269205437757625,0.0669221845279693,-0.668862294004246,-0.5509312532362558,0.3351525423728814
2025-10-17 00:00:00,"STRK",86.89,87.62,87.8,86,-0.2615967702068056,0.16075000000000006,0.16075000000000006,1362270000,1193620974,24648995.540000003,19766575.836886957,0.08,0.09130335539831089,0.2980455834913598,"2025-12-31",0.9255221067133472,0.0539712687269665,-0.656018772177811,-0.5448761217311386,0.33082629536635466
2025-10-16 00:00:00,"STRK",90.5,87.805,91.0565,87.44,-0.24780132339391903,0.16306250000000008,0.16306250000000008,1362270000,1196141173.5,22193679.605,19236804.324713048,0.08,0.09111098456807698,0.3011887698455197,"2025-12-31",0.9238793398732219,0.026590221582126455,-0.6457080386461195,-0.5465280848142123,0.3232617732475371
2025-10-15 00:00:00,"STRK",91.4,89.765,92.5,89.2,-0.22743727900319918,0.18756250000000002,0.18756250000000002,1362270000,1222841665.5,14339150.865,19139279.8158,0.08,0.08912159527655544,0.2957542715231954,"2025-12-31",0.9231166969654664,0.0021018520725959735,-0.6371690950518757,-0.5512954902768883,0.3305965576783824
2025-10-14 00:00:00,"STRK",91.66,90.19,91.66,90.1501,-0.22222222222222224,0.19287499999999996,0.19287499999999996,1362270000,1228631313,23136440.7,19357467.495381817,0.08,0.08870162989244927,0.29563475079420326,"2025-12-31",0.922213194753047,-0.010380538012678216,-0.6230377746057072,-0.5440445092833941,0.33337398824703407
2025-10-13 00:00:00,"STRK",92.89,92.31,93.8,91.72,-0.23012244897959183,0.21937500000000004,0.21937500000000004,1362270000,1257511437,21685834.44,19177516.3904,0.08,0.08666450005416532,0.2898010395902414,"2025-12-31",0.9210262451925897,-0.009018438493558503,-0.5982577976491552,-0.5326134761513691,0.34175062290109415
2025-10-10 00:00:00,"STRK",94.21,92.03,94.25,91.11,-0.25224652087475147,0.21587500000000004,0.21587500000000004,1360590000,1252150977,23544679.11,19611798.93601739,0.08,0.0869281755949147,0.2896427540571471,"2025-12-31",0.9199239288668619,-0.010408264649869261,-0.5883821932958126,-0.5322873736794477,0.33118548299467565
2025-10-09 00:00:00,"STRK",95.04,94.07,95.15,94.07,-0.22835341365461853,0.24137499999999995,0.24137499999999995,1360590000,1279907013,12956637.379999999,19289650.17471304,0.08,0.08504305304560435,0.2846182144844016,"2025-12-31",0.9195591178267929,-0.005841785384832133,-0.5787851345816009,-0.5333525638259152,0.34048049324970775
2025-10-08 00:00:00,"STRK",96.5,95.37,97.9999,95,-0.20837398373983737,0.2576250000000001,0.2576250000000001,1360590000,1297594683,12685926.66,19479257.353843477,0.08,0.08388382090804236,0.28174062710431086,"2025-12-31",0.9190360078041544,0.009733337599539963,-0.5620800429340773,-0.5206526616371545,0.34685959945475514
2025-10-07 00:00:00,"STRK",98.61,96.2,98.9,96.05,-0.18708609271523174,0.26800000000000007,0.26800000000000007,1360590000,1308887580,16250681.200000001,19788045.11265454,0.08,0.08316008316008315,0.28059123657231066,"2025-12-31",0.9184029629346541,0.031069442506590102,-0.542457363948197,-0.5064157169158986,0.34137214137214134
2025-10-06 00:00:00,"STRK",100,98.94,100.25,98.12,-0.16190634340750581,0.30225,0.30225,1360590000,1346167746,25257798.96,19956491.01325714,0.08,0.08085708510208207,0.2680790811731629,"2025-12-31",0.9180951799835461,0.05088308409447256,-0.5210143550635364,-0.48873526897802283,0.36354356175459873
2025-10-03 00:00:00,"STRK",98.24,98.86,99.2318,98.0016,-0.16257057455994686,0.30125,0.30125,1360590000,1345079274,14905122.2,19102116.84862608,0.08,0.08092251669026906,0.27436258257171225,"2025-12-31",0.9181394526966068,0.07037588571636784,-0.5041986337126418,-0.4734348660188057,0.3556848067974914
2025-10-02 00:00:00,"STRK",96.32,97.14,98.22,95.85,-0.1602574961883788,0.27975000000000005,0.27975000000000005,1360590000,1321677126,15736000.02,19176405.652104348,0.08,0.08235536339304098,0.2703951501977091,"2025-12-31",0.9175309776817815,0.08642423143918002,-0.4887669372116504,-0.46149358038228344,0.3627033148033766
2025-10-01 00:00:00,"STRK",91.5,94.21,94.33,90.7,-0.1775165633682411,0.24312499999999995,0.24312499999999995,1360590000,1281811839,15804386.969999999,19332787.726290908,0.08,0.0849166755121537,0.2544814974072442,"2025-12-31",0.9169830273647103,0.10530615326909672,-0.4619462450892977,-0.44214307008298304,0.3592081520008492
2025-09-30 00:00:00,"STRK",91.5,91.7,91.74,90.51,-0.22568382778282786,0.21175000000000005,0.21175000000000005,1360590000,1247661030,24678212.3,19500806.80992381,0.08,0.08724100327153762,0.24112133572391692,"2025-12-31",0.9094426472403183,0.12011386620173875,-0.43367706267529915,-0.4203754512347266,0.3513740458015267
2025-09-29 00:00:00,"STRK",89.45,90.8,91.68,89.45,-0.12087912087912092,0.20049999999999998,0.20049999999999998,1360590000,1235415720,15962912.4,19241936.53542,0.08,0.0881057268722467,0.26091062951898825,"2025-09-30",0.8985161645267553,0.13159934724485073,-0.40007030757656703,-0.39623002503157245,0.35949339207048464
2025-09-26 00:00:00,"STRK",90.84,88.03,91.24,88,-0.14444550033260478,0.16587500000000002,0.16587500000000002,1360590000,1197727377,42749392.69,19241241.682200003,0.08,0.0908781097353175,0.24225145389188793,"2025-09-30",0.8793199060306384,0.1462998297395933,-0.3696165254790864,-0.3759088139686284,0.3510848574349653
2025-09-25 00:00:00,"STRK",92.26,90.16,92.47,90,-0.12061068702290077,0.19249999999999995,0.19249999999999995,1360590000,1226707944,33687743.04,18052505.10538182,0.08,0.08873114463176575,0.23769877214745241,"2025-09-30",0.8581495834041581,0.1449424668515345,-0.3353768892282596,-0.3535184576592709,0.3335181898846495
2025-09-24 00:00:00,"STRK",93.85,93,94.9999,93,-0.08477842003853563,0.22800000000000004,0.22800000000000004,1360590000,1265348700,13646076,17547692.342200004,0.08,0.08602150537634409,0.23137200239683564,"2025-09-30",0.8412692738002124,0.15072676312290723,-0.3000916892475612,-0.33034953494619923,0.3476451612903226
2025-09-23 00:00:00,"STRK",93.95,94.25,95,93.3,-0.06562469663139506,0.24362500000000004,0.24362500000000004,1360590000,1282356075,19309845.75,17733483.596590478,0.08,0.08488063660477453,0.2303363166433128,"2025-09-30",0.8265323833679051,0.17058693455451523,-0.26401815768712833,-0.30413008213715553,0.3477771883289124
2025-09-22 00:00:00,"STRK",93.5,93.5061,94.0699,92.6535,-0.06986657576938063,0.23432625000000007,0.23432625000000007,1360590000,1272234645.99,14750026.238400001,17654665.488920003,0.08,0.08555591560336705,0.22769612910733647,"2025-09-30",0.8005173470595691,0.185491877997499,-0.22605913296316485,-0.2719809810412241,0.35925998410798865
2025-09-19 00:00:00,"STRK",93.21,93.88,94.355,93.155,-0.0811673812503714,0.23899999999999996,0.23899999999999996,1360570000,1277303116,13484172.16,19431382.959090915,0.08,0.0852151682999574,0.228578096980481,"2025-09-30",0.7733930468055661,0.19808010278493726,-0.18634301021590408,-0.24180429437878675,0.36722411589262893
2025-09-18 00:00:00,"STRK",91.99,93.84,94.35,91.635,-0.08155070733245294,0.23850000000000007,0.23850000000000007,1360570000,1276758888,15179839.92,20655777.122727275,0.08,0.08525149190110827,0.2279975089867313,"2025-09-30",0.7517777962417407,0.22784426715554704,-0.13968892002111488,-0.20407824712573622,0.3720375106564365
2025-09-17 00:00:00,"STRK",92.34,91.27,93.002,91.02,-0.10230991337824841,0.20637499999999998,0.20637499999999998,1360570000,1241792239,18037690.099999998,21160777.248181824,0.08,0.08765202147474527,0.23251140707293286,"2025-09-30",0.7195763988663514,0.26490720054198585,-0.07591997522203961,-0.15824351287307287,0.36124685000547824
2025-09-16 00:00:00,"STRK",92.81,92.78,93,92.215,-0.09517899761336514,0.22525000000000003,0.22525000000000003,1360570000,1262336846,12464250.76,21309495.683809526,0.08,0.08622547962923044,0.23019339969923466,"2025-09-30",0.6830706028814038,0.3040715408250926,-0.009478527420274703,-0.10335234954245058,0.3611661996119853
2025-09-15 00:00:00,"STRK",93.65,92.7,93.86,91.21,-0.09377990430622007,0.22425000000000006,0.22425000000000006,1360570000,1261248390,19950615.900000002,21751757.930000003,0.08,0.08629989212513484,0.22958283681468786,"2025-09-30",0.660458357741526,0.35501198195127476,0.0589019771537594,-0.048477840925994636,0.3536030204962244
2025-09-12 00:00:00,"STRK",95,95.65,95.8,94.55,-0.07877358490566032,0.23612500000000008,0.23612500000000008,1342460000,1284062990,32728273.55,22519776.63863637,0.08,0.0836382645060115,0.21741237377281283,"2025-09-30",0.6412551479813049,0.39980003060362196,0.12711070478395173,0.009254443174964464,0.34651332984840566
2025-09-11 00:00:00,"STRK",95.88,94.57,96.25,94.52,-0.09510869565217396,0.22262499999999993,0.22262499999999993,1342460000,1269564422,16348410.469999999,22631067.840909097,0.08,0.08459342286137253,0.24889904192425524,"2025-09-30",0.625477762114057,0.44190230228536925,0.18126917606642448,0.05918511579266533,0.3447393465158084
2025-09-10 00:00:00,"STRK",95.89,95.55,96.8,95.35,-0.08814731725556185,0.234875,0.234875,1342460000,1282720530,20952681.75,23186634.669545457,0.08,0.0837257980115123,0.31738343337411884,"2025-09-30",0.6051212158346018,0.4731477590092676,0.2328196713885949,0.10868276327287082,0.34165358451072736
2025-09-09 00:00:00,"STRK",93.75,95.2,95.65,93.6508,-0.0994997220678154,0.23050000000000007,0.23050000000000007,1342460000,1278021920,16135257.6,23293013.380000003,0.08,0.08403361344537814,0.3218463969743202,"2025-09-30",0.5929530036534715,0.5022347012312969,0.28390677703685696,0.15909855760412306,0.345094537815126
2025-09-08 00:00:00,"STRK",95.32,93.5,95.5,92.76,-0.09564393939393935,0.20925000000000002,0.20925000000000002,1342460000,1255200100,17317602.5,23650901.169000003,0.08,0.0855614973262032,0.3294762905449903,"2025-09-30",0.5817797091055082,0.5272515159950644,0.33349382882711387,0.20108598742558836,0.35283422459893043
2025-09-05 00:00:00,"STRK",95.3,95.1,95.88,95.06,-0.0456064478081384,0.22924999999999995,0.22924999999999995,1337010000,1271496510,15848890.499999998,23072462.476363637,0.08,0.08412197686645637,0.341654329308966,"2025-09-30",0.5671948968782806,0.5541173421554948,0.3842404126396522,0.24559832646086657,0.3531756046267088
2025-09-04 00:00:00,"STRK",94.9,94.8,95.5,94.8,-0.09953488372093026,0.22549999999999998,0.22549999999999998,1337010000,1267485480,10127673.6,22932898.35545455,0.08,0.08438818565400844,0.35025362825399525,"2025-09-30",0.5617122178454752,0.5803442610219529,0.43348147073962806,0.2840662665890862,0.3455590717299578
2025-09-03 00:00:00,"STRK",94.9,94.9,95.48,94.2,-0.0862800565770862,0.2267500000000001,0.2267500000000001,1337010000,1268822490,19543611.1,23423680.98136364,0.08,0.08429926238145416,0.35464773936744887,"2025-09-30",0.5576607406766342,0.6008881025050765,0.481382987878565,0.3182538759981537,0.34800842992623815
2025-09-02 00:00:00,"STRK",94.73,94.04,95.68,93.84,-0.0808689826777681,0.2160000000000001,0.2160000000000001,1337010000,1257324204,16613764.680000002,23608446.213809524,0.08,0.08507018290089323,0.35178319187302887,"2025-09-30",0.5644041675333848,0.626635161393241,0.52511484945797,0.34954029192701996,0.36327094853253933
2025-08-29 00:00:00,"STRK",95.68,94.3,95.77,94.3,-0.05225863596102748,0.21925,0.21925,1317060000,1241987580,22706591.3,26427162.361304346,0.08,0.08483563096500531,0.3564852422327559,"2025-09-30",0.5717954541015282,0.6492720770036849,0.5682241747535146,0.38764040460751525,0.3546235418875928
2025-08-28 00:00:00,"STRK",95.66,95.45,96.3,95.2,-0.044795138208194404,0.23362500000000005,0.23362500000000005,1317060000,1257133770,13929209.4,26688673.54478261,0.08,0.08381351492928235,0.35629723824285753,"2025-09-30",0.5805060396275958,0.6663869803372229,0.6102765626406529,0.43359123680308137,0.35499214248297534
2025-08-27 00:00:00,"STRK",96,95.45,96.34,95.11,-0.042166306270886494,0.23362500000000005,0.23362500000000005,1317060000,1257133770,17795698,28610689.83173913,0.08,0.08381351492928235,0.36001441091515995,"2025-09-30",0.5977187944610429,0.6893073847420792,0.6518467564200703,0.4869354753575014,0.358365636458879
2025-08-26 00:00:00,"STRK",95.05,95.65,96,94.76,-0.03307258144370719,0.23612500000000008,0.23612500000000008,1317060000,1259767890,16597188.000000002,29102280.369545456,0.08,0.0836382645060115,0.36696590772629567,"2025-09-30",0.6131700757124823,0.7100494046614765,0.68835867559724,0.5338775211786954,0.36733925771040254
2025-08-25 00:00:00,"STRK",96,94.75,96.525,94.5,-0.04198435488662239,0.22487500000000002,0.22487500000000002,1317060000,1247914350,22581862.25,29697760.958571427,0.08,0.08443271767810026,0.365368158926282,"2025-09-30",0.6278553450629966,0.7279349523931105,0.7216017250679614,0.5802701108493493,0.3622163588390501
2025-08-22 00:00:00,"STRK",96.5,96.5,99.03,95.79,-0.023882667723714168,0.24675000000000002,0.24675000000000002,1296050000,1250688250,36541462,30910767.788695652,0.08,0.08290155440414508,0.3650388420763833,"2025-09-30",0.6423431717316916,0.746199491297307,0.7530356576311217,0.6276591880966461,0.37111917098445596
2025-08-21 00:00:00,"STRK",96.25,95.79,97.6773,95.21,-0.02209999999999994,0.23787500000000011,0.23787500000000011,1296050000,1241486295,13719426.96,30875806.248695653,0.08,0.08351602463722727,0.3699714892347121,"2025-09-30",0.656176099142913,0.7694679305143501,0.7809830469117786,0.6720346016512694,0.35241674496293973
2025-08-20 00:00:00,"STRK",97.75,96.2,97.78,95.5,-0.010080645161290322,0.24300000000000005,0.24300000000000005,1296050000,1246800100,38886252.6,31331530.30739131,0.08,0.08316008316008315,0.3733512059600574,"2025-09-30",0.6690110990143426,0.7850442094701315,0.8040434442559816,0.708335535007318,0.3579729729729729
2025-08-19 00:00:00,"STRK",101.15,97.13,101.9373,95.88,0.006702548999695304,0.254625,0.254625,1296050000,1258853365,40420843.76,30988133.839545455,0.08,0.08236384227324205,0.37762082891239873,"2025-09-30",0.6829972144873679,0.8040201257887338,0.8286196059078641,0.7434807745117892,0.34651497992381347
2025-08-18 00:00:00,"STRK",102.5,100.93,102.645,100.62,0.06663212435233168,0.3021250000000001,0.3021250000000001,1296050000,1308103265,26289842.680000003,30538957.17666667,0.08,0.07926285544436738,0.37101832933676465,"2025-09-30",0.6957900093268581,0.8173478765983526,0.8481682656736717,0.76983774245635,0.36024967799464974
2025-08-15 00:00:00,"STRK",104.86,102.89,105.45,102.35,0.08649264553552925,0.32662500000000005,0.32662500000000005,1278080000,1315016512,17750068.35,30001076.669999998,0.08,0.077752940033045,0.3760341925240083,"2025-09-30",0.7030548127318427,0.8303852123161657,0.86388752947411,0.7948637972136421,0.356030712411313
2025-08-14 00:00:00,"STRK",106,104.5,106.9,104.11,0.10799001248439445,0.34675,0.34675,1278080000,1335593600,29849380,30273803.258260872,0.08,0.07655502392344497,0.3755658103469312,"2025-09-30",0.7154208400230156,0.8407952924079833,0.8764189308287208,0.8125585039837249,0.3568803827751196
2025-08-13 00:00:00,"STRK",107.99,107,108.1473,105.1,0.12336390806966917,0.378,0.378,1278080000,1367545600,32751095,31797961.214347836,0.08,0.07476635514018691,0.37796345676676796,"2025-09-30",0.7253106542368434,0.8494499859636296,0.8851588915476365,0.8265301329928908,0.36439252336448597
2025-08-12 00:00:00,"STRK",109.3,108,109.3,107.7,0.16550116550116556,0.3905,0.3905,1278080000,1380326400,35176680,31754636.951363645,0.08,0.07407407407407407,0.37930168895014027,"2025-09-30",0.733368539373847,0.859305372161029,0.8923655420617016,0.8324197121457092,0.3651759259259259
2025-08-11 00:00:00,"STRK",110.74,109.17,110.74,108.02,0.19989206691851047,0.40512500000000007,0.40512500000000007,1278080000,1395279936,28570880.7,31591682.5204762,0.08,0.07328020518457451,0.3896960852201736,"2025-09-30",0.7389774121327677,0.8646074159515617,0.8945781550334254,0.8225675034584813,0.3666300265640744
2025-08-08 00:00:00,"STRK",109.8,109,109.8068,108.2201,0.20728285223292955,0.403,0.403,1278080000,1393107200,14637937,35918909.96652174,0.08,0.07339449541284404,0.5680958095387435,"2025-09-30",0.7433545031726888,0.867983958451267,0.8956851849352626,0.8133050633828851,0.3625045871559633
2025-08-07 00:00:00,"STRK",107.99,109.4,109.75,106.729,0.23025952512424086,0.4080000000000001,0.4080000000000001,1278080000,1398219520,23731048,37039516.87956522,0.08,0.07312614259597806,0.5679355287418953,"2025-09-30",0.7493005666724644,0.8709938646563868,0.8965615972091059,0.7946384260291379,0.36746800731261425
2025-08-06 00:00:00,"STRK",106,106.05,108.191,105.904,0.19511116026988165,0.366125,0.366125,1278080000,1355403840,13524768.6,38681325.05347826,0.08,0.07543611504007544,0.5607332116006886,"2025-09-30",0.7542256263942867,0.8741810626432042,0.8972609703818907,0.7713009487197933,0.3615370108439416
2025-08-05 00:00:00,"STRK",107,106.19,107.89,105.72,0.198781163434903,0.367875,0.367875,1278080000,1357193152,12778479.84,39824804.892272726,0.08,0.07533666070251437,0.5613521300832354,"2025-09-30",0.7579737936784011,0.8777066251074954,0.8988358526537911,0.7481199204074042,0.3535737828420755
2025-08-04 00:00:00,"STRK",108.06,106.77,108.99,106,0.19566890183577001,0.375125,0.375125,1278080000,1364606016,20924891.37,41112725.132857144,0.08,0.07492741406762199,0.5613701376399794,"2025-09-30",0.7617897348242529,0.8801372801504903,0.8993480890425086,0.7237817920209378,0.3645593331460148
2025-08-01 00:00:00,"STRK",109.5,106,110,105.26,0.20670391061452514,0.36550000000000005,0.36550000000000005,1278080000,1354764800,48243992,44315883.10181819,0.08,0.07547169811320754,0.5611080380377155,"2025-09-30",0.763040222331603,0.882514833404105,0.8988761445557559,0.6921350948549715,0.345877358490566
2025-07-31 00:00:00,"STRK",104.8,111.21,111.67,104.7601,0.26491620111731834,0.4306249999999999,0.4306249999999999,1278080000,1421352768,45593653.379999995,46111922.89840909,0.08,0.07193597698048737,0.5436180182469011,"2025-09-30",0.767074260723963,0.884636476702876,0.8974549376172958,0.6576540160387435,0.3613523963672332
2025-07-30 00:00:00,"STRK",106.99,104.57,108.975,103.55,0.19072625698324014,0.34762499999999996,0.34762499999999996,1278080000,1336488256,34823483.12,50491148.759772725,0.08,0.07650377737400785,0.512662794463639,"2025-09-30",0.7699904834610481,0.8856151042351026,0.8961643511102809,0.6202930905831873,0.37777565267285074
2025-07-29 00:00:00,"STRK",105,106.98,106.9999,104.0401,0.22449438202247196,0.3777500000000001,0.3777500000000001,1278080000,1367289984,28721348.52,51237228.07595238,0.08,0.07478033277248083,0.5085501160158397,"2025-09-30",0.774364109820896,0.8914576994920121,0.8988981289244075,0.5847678370590426,0.3689100766498411
2025-07-28 00:00:00,"STRK",108.16,104,108.16,103.01,0.22401847575057746,0.3405,0.3405,1278080000,1329203200,58135584,52363022.05374999,0.08,0.07692307692307693,0.501619488751286,"2025-09-30",0.7777190192008152,0.8954970130018253,0.8999739297429795,0.5486991664404818,0.38826923076923076
2025-07-25 00:00:00,"STRK",110.71,107.9,111.9499,104,0.2678818643285648,0.3892500000000001,0.3892500000000001,1278080000,1379048320,38501849.1,48488981.09431818,0.08,0.07414272474513438,0.491082439435324,"2025-09-30",0.7800802819952898,0.9019151017572277,0.9064451411202886,0.5234140868303218,0.3761723818350324
2025-07-24 00:00:00,"STRK",113.75,111.4,113.75,111.06,0.32075471698113217,0.4330000000000001,0.4330000000000001,1278080000,1423781120,44437014.400000006,47367712.72613636,0.08,0.0718132854578097,0.48159038472344856,"2025-09-30",0.7795931743263879,0.9033587463777015,0.9094468435697531,0.4990548772055793,0.37245960502693
2025-07-23 00:00:00,"STRK",114,114.24,115,112.66,0.35842000701180327,0.46849999999999997,0.46849999999999997,1278080000,1460078592,26937677.759999998,46062672.28340909,0.08,0.0700280112044818,0.4748817176142924,"2025-09-30",0.7781799455109415,0.9037072031844379,0.9099813387366146,0.4763724379753757,0.3612307422969188
2025-07-22 00:00:00,"STRK",115.1,114.465,116,111,0.34938014135094425,0.4713125000000001,0.4713125000000001,1278080000,1462954272,35737346.58,46973386.30833334,0.08,0.06989035949853667,0.4758833083085354,"2025-09-30",0.7739474915696836,0.9011191653199379,0.9096559372974631,0.45528942050600774,0.3725156161272004
2025-07-21 00:00:00,"STRK",119,117.59,119,116.48,0.40694117647058825,0.510375,0.510375,1278080000,1502894272,24201080.310000002,47535188.29475,0.08,0.06803299600306148,0.4708910985727048,"2025-09-30",0.7679948303920917,0.899644347093612,0.9083077850104107,0.43192001610786135,0.36251381920231307
2025-07-18 00:00:00,"STRK",122,118.17,122.74,116.39,0.4112742219612448,0.517625,0.517625,1277530000,1509657201,24588931.77,46462871.33644761,0.08,0.0676990776000677,0.480244433805354,"2025-09-30",0.7616318202245385,0.8969590542068159,0.9062888093628003,0.4096241957940931,0.3581450452737581
2025-07-17 00:00:00,"STRK",118.71,121.37,121.4088,118.0125,0.44885496183206103,0.557625,0.557625,1277530000,1550538161,25206971.19,46052418.871209525,0.08,0.06591414682376205,0.503873891945576,"2025-09-30",0.7553356228226032,0.8935639327944997,0.90303325921068,0.38325724585962445,0.3718711378429595
2025-07-16 00:00:00,"STRK",117.99,119.39,120.06,117.5856,0.42929471329330027,0.532875,0.532875,1277530000,1525243067,25200602.42,46159516.55263809,0.08,0.06700728704246586,0.5033162557253124,"2025-09-30",0.7428508627972198,0.8880902110502847,0.8994290479286816,0.35697042056700434,0.38185777703325235
2025-07-15 00:00:00,"STRK",120.2,118.78,120.2,116.58,0.4388849177984275,0.52525,0.52525,1277530000,1517450134,24022779.88,47207462.25927,0.08,0.06735140596059942,0.5043067470024003,"2025-09-30",0.7300683336639274,0.8822913871023631,0.8965971372129344,0.336211767671718,0.37237750463040914
2025-07-14 00:00:00,"STRK",124.73,118.53,124.73,116.109,0.43130269564184787,0.5221250000000001,0.5221250000000001,1277530000,1514256309,64905012.99,48427708.700284205,0.08,0.06749346157091032,0.5048515991265924,"2025-09-30",0.7185345813245162,0.8773782549217015,0.8929134779219843,0.3173560532316964,0.38051126297139964
2025-07-11 00:00:00,"STRK",127.99,122.5,129.4842,121.57,0.47267565649396726,0.57175,0.57175,1220140000,1494671500,42063315,44495057.44835238,0.08,0.0653061224489796,0.4922468596301014,"2025-09-30",0.7019035968492243,0.870685210214846,0.8887379034121111,0.2910205136010111,0.35475918367346937
2025-07-10 00:00:00,"STRK",126,125.75,126.9455,124,0.5640303623898137,0.612375,0.612375,1220140000,1534326050,82229937,43758064.14549524,0.08,0.0636182902584493,0.48327874610927213,"2025-09-30",0.6847262409114784,0.8637510681962888,0.8827418611279143,0.2511974023588273,0.33537972166998015
2025-07-09 00:00:00,"STRK",126,124.5,127.13,123,0.5061316823431362,0.59675,0.59675,1220140000,1519074300,66987225,42513173.95978096,0.08,0.0642570281124498,0.48337545967025813,"2025-09-30",0.6691662231716073,0.8596510555366118,0.8760110700528984,0.20169459979044757,0.3336626506024097
2025-07-08 00:00:00,"STRK",122.15,123,124.1199,122.15,0.5407370886231975,0.5780000000000001,0.5780000000000001,1220140000,1500772200,40411896,41289471.40777001,0.08,0.06504065040650407,0.48312216326254726,"2025-09-30",0.6536517890596975,0.857384984370358,0.8715059720249302,0.16005184206252474,0.32271544715447154
2025-07-07 00:00:00,"STRK",122.86,120.8,122.86,120.15,0.5008555365436325,0.5505,0.5505,1220140000,1473929120,61492636,41335659.58712632,0.08,0.06622516556291391,0.4821829131633931,"2025-09-30",0.6477138519620105,0.8589408782790365,0.8666807391512665,0.13084834819245797,0.3275413907284769
2025-07-03 00:00:00,"STRK",119.66,120.44,122.3585,118.76,0.464418131802416,0.546,0.546,1220140000,1469536616,25533280,42065762.03206364,0.08,0.06642311524410495,0.4821504053554623,"2025-09-30",0.6429074020644041,0.8639880799187584,0.857881479125723,0.1016648907657687,0.3354284290933245
2025-07-02 00:00:00,"STRK",120.69,118.06,120.7,115.65,0.4007700385019252,0.5162500000000001,0.5162500000000001,1220140000,1440497284,106973811.82000001,42821134.53115455,0.08,0.0677621548365238,0.480413484197566,"2025-09-30",0.6358130264526783,0.8676950825027796,0.8482105204561341,0.07510807615566702,0.3407419955954599
2025-07-01 00:00:00,"STRK",122.8,116.975,126.04,114.99,0.3760698588942864,0.5026875,0.5026875,1220140000,1427258765,87756867.52499999,39766245.13644762,0.08,0.0683906817696089,0.48033254771331063,"2025-09-30",0.6296762697657214,0.8691000021747579,0.8382472985064462,0.05502140016931037,0.3191280188074375
2025-06-30 00:00:00,"STRK",107,121.01,125.72,107,0.4630114176974311,0.5531250000000001,0.5531250000000001,1220140000,1476491414,141936622.33,37366714.01702,0.08,0.06611023882323774,0.4662082574314066,"2025-06-30",0.6348269266312849,0.878618250041546,0.8320693293120774,0.05651536408748406,0.33404677299396746
2025-06-27 00:00:00,"STRK",105.61,105.56,105.85,105.22,0.251570863393065,0.36000000000000004,0.36000000000000004,1192530000,1258834668,25839821.28,32532449.001381814,0.08,0.07578628268283441,0.25070431318233355,"2025-06-30",0.631186584884884,0.893755651574238,0.8280983106414155,0.05382039558632593,0.3636604774535809
2025-06-26 00:00:00,"STRK",105.64,105.23,105.64,104.9725,0.2405136510874596,0.35587500000000005,0.35587500000000005,1192530000,1254899319,23546685.720000003,33068017.709563635,0.08,0.07602394754347619,0.2507327360213888,"2025-06-30",0.6248476860229492,0.8893999106881356,0.8224871151461582,0.06417993166823042,0.3672336786087617
2025-06-25 00:00:00,"STRK",105,104.8,105.11,104.5,0.22716304722509476,0.3505,0.3505,1192530000,1249771440,28246220,33521414.470971424,0.08,0.07633587786259542,0.2534129840727497,"2025-06-30",0.6200343145900868,0.8869725887761956,0.8108968787867135,0.06225755352431461,0.37086832061068703
2025-06-24 00:00:00,"STRK",103.53,103.8,104.5,103.53,0.22142692218887083,0.33799999999999997,0.33799999999999997,1192530000,1237846140,13833945,33785174.19452,0.08,0.07707129094412332,0.26329574103168285,"2025-06-30",0.6149356074731407,0.8828082760055184,0.7922706162844786,0.05663129511054791,0.36321772639691713
2025-06-23 00:00:00,"STRK",102.75,103.01,103.53,102.75,0.2354117647058824,0.3281250000000001,0.3281250000000001,1192530000,1228425153,15726124.66,34835238.888968416,0.08,0.07766236287739053,0.26683656225878927,"2025-06-30",0.6118407577572275,0.8786106735903627,0.7769292914902816,0.050326431390372725,0.35645083001650324
2025-06-20 00:00:00,"STRK",103.85,102.68,104,102.625,0.26120481927710854,0.3240000000000001,0.3240000000000001,1175870000,1207383316,23620815.240000002,37052906.30335238,0.08,0.07791195948578106,0.26709348161991014,"2025-06-30",0.6108978489029532,0.8763240040825705,0.7611476606024574,0.04742233785494124,0.3600506427736657
2025-06-18 00:00:00,"STRK",104.35,104.3498,105.4,103.9001,0.2516158644227375,0.3448725,0.3448725,1175870000,1227017993.26,25596797.2404,37641427.18547273,0.08,0.07666521641632279,0.2619807530286632,"2025-06-30",0.608295558576848,0.8723141225518993,0.747364537109911,0.04592939337640418,0.353647060176445
2025-06-17 00:00:00,"STRK",104.5,103.9,104.5,102.1875,0.20068027210884357,0.3392500000000001,0.3392500000000001,1175870000,1221728930,15969430,38214980.992380954,0.08,0.07699711260827719,0.2621626000572578,"2025-06-30",0.6060476119356353,0.8665942560040781,0.7287363753148862,0.04190634617391301,0.3610972088546679
2025-06-16 00:00:00,"STRK",105,104.75,105,104.1015,0.2083993660855784,0.34987500000000005,0.34987500000000005,1175870000,1231723825,27456022.5,39327258.542,0.08,0.07637231503579953,0.25937087717748525,"2025-06-30",0.6013610807692357,0.8556213420939162,0.7016066034777646,0.03466867645973188,0.36491646778042963
2025-06-13 00:00:00,"STRK",104.31,104.5,105.5,104.1,0.24167338942030664,0.34675,0.34675,1130620000,1181497900,22387348.5,39866871.095454544,0.08,0.07655502392344497,0.2621312936347929,"2025-06-30",0.5961706712848482,0.851195228883445,0.696634483244317,0.0449399254658923,0.36638277511961725
2025-06-12 00:00:00,"STRK",105.9,106,106.05,105.75,0.22911174785100286,0.34049999999999997,0.34049999999999997,1130620000,1198457200,32006488,40457858.55863636,0.08,0.07547169811320754,0.2575950143584447,"2025-06-30",0.5905045730684527,0.8488718615973695,0.6938630799074194,0.05722005221164751,0.35826415094339625
2025-06-11 00:00:00,"STRK",106.89,106.72,106.99,106.502,0.24049178444214633,0.3495,0.3495,1130620000,1206597664,24780917.6,40924440.555,0.08,0.07496251874062969,0.25537736309071524,"2025-06-30",0.5859437437818472,0.8454906643756918,0.6882463207217165,0.06651215155471663,0.3627342578710645
2025-06-10 00:00:00,"STRK",107,106.98,107.915,106.4,0.27617924528301896,0.35275,0.35275,1130620000,1209537276,26586455.64,41693179.74333333,0.08,0.07478033277248083,0.2540650883340181,"2025-06-30",0.5788469683813712,0.8400939910808861,0.684091047059414,0.07481900581786924,0.3656571321742382
2025-06-09 00:00:00,"STRK",107.46,107.94,108.25,106.5,0.1816017316017315,0.36474999999999996,0.36474999999999996,1130620000,1220391228,56087243.1,42448515.9485,0.08,0.07411524921252548,0.2569156939946171,"2025-06-30",0.5698348043925029,0.8333915439878644,0.6788907241821833,0.08338581560391921,0.3632758940151936
2025-06-06 00:00:00,"STRK",104.25,105.6,106.06,103.002,0.13177966101694902,0.3354999999999999,0.3354999999999999,1067960000,1127765760,61587926.4,38408203.67745454,0.08,0.07575757575757576,0.254265631585177,"2025-06-30",0.5601304625286899,0.8275822702679636,0.6770909730829262,0.09679768419774898,0.3546117424242424
2025-06-05 00:00:00,"STRK",108.49,101.74,108.49,100.26,0.09146793852676206,0.2872499999999999,0.2872499999999999,1067960000,1086542504,51773959.9,36108374.575636365,0.08,0.07863180656575586,0.2369474136864235,"2025-06-30",0.5564547994457287,0.8263578964831928,0.6735595650994091,0.11199914573446101,0.36248279929231375
2025-06-04 00:00:00,"STRK",106.8,107.5,107.8855,106.66,0.17493246893571043,0.35924999999999996,0.35924999999999996,1067960000,1148057000,38415340,34223754.852909096,0.08,0.07441860465116279,0.1474278957424149,"2025-06-30",0.5525996774162819,0.825062062837424,0.6708661716552342,0.12237754696730985,0.3517209302325582
2025-06-03 00:00:00,"STRK",106.25,106.05,107,105.09,0.18894060283687944,0.34112499999999996,0.34112499999999996,1067960000,1132571580,49784642.25,34024155.56019048,0.08,0.07543611504007544,0.15405262909008813,"2025-06-30",0.5490607397813667,0.8259778668973343,0.6730819241575672,0.1434406033612323,0.36532767562470536
2025-06-02 00:00:00,"STRK",103.5,104.49,105.48,103.436,0.14426406926406915,0.32162499999999994,0.32162499999999994,1067960000,1115911404,42151474.98,33236131.225700002,0.08,0.07656235046415925,0.15427293843802875,"2025-06-30",0.539379874315076,0.8226518388951365,0.6738966456156921,0.16911601689887754,0.35627332759115704
2025-05-30 00:00:00,"STRK",101.78,103.16,104,101.5842,0.12987012987012977,0.30499999999999994,0.30499999999999994,1032610000,1065240476,67372970.72,32234685.666545454,0.08,0.07754943776657619,0.15541124711641593,"2025-06-30",0.5358937765804633,0.8209848935732845,0.6761151393146947,0.19998730872613557,0.3577549437766576
2025-05-29 00:00:00,"STRK",102.25,101.61,102.42,101.5,0.11309523809523803,0.28562499999999996,0.28562499999999996,1032610000,1049235021,19475588.7,29709542.588363636,0.08,0.07873240822753666,0.1536101099473449,"2025-06-30",0.5328401433764653,0.8174797712595587,0.6798494705381019,0.22305380178711404,0.3647574057671489
2025-05-28 00:00:00,"STRK",102.4,102.02,102.7,101.7,0.11753246753246742,0.29074999999999995,0.29074999999999995,1032610000,1053468722,23467660.599999998,29235910.165636364,0.08,0.07841599686336014,0.15118611758281963,"2025-06-30",0.5277122423952908,0.811033133174293,0.6811040441708233,0.24591526308887485,0.3570378357184866
2025-05-27 00:00:00,"STRK",102,101.74,102,101.5,0.12435855442733913,0.2872499999999999,0.2872499999999999,1032610000,1050577414,37622332.86,29510588.716380954,0.08,0.07863180656575586,0.1535989593757924,"2025-06-30",0.5260795152758885,0.8020319818378246,0.6859311857637307,0.27450671232486795,0.3658344800471791
2025-05-23 00:00:00,"STRK",100.12,100.99,101.75,100.12,0.09912912590044069,0.2778749999999999,0.2778749999999999,964710000,974260629,45508618.75,27751894.50495652,0.08,0.07921576393702347,0.15660603115290972,"2025-06-30",0.5203062753948433,0.7879307723677309,0.6882655681041978,0.2976617528435252,0.36588771165461925
2025-05-22 00:00:00,"STRK",101.35,100.91,101.7299,100.7,0.09826900333297485,0.2768749999999999,0.2768749999999999,964710000,973488861,32324399.39,26329275.432347823,0.08,0.07927856505797246,0.1764038724969134,"2025-06-30",0.5150980814727034,0.7733480114977699,0.7015270179504917,0.3323509915399823,0.39585769497572093
2025-05-21 00:00:00,"STRK",100.55,100,101.13,98.5,0.08848510912805069,0.26549999999999996,0.26549999999999996,964710000,964710000,54134600,25317575.676260866,0.08,0.08,0.20446154640484276,"2025-06-30",0.4944723773158914,0.7535218342868364,0.7127763230970736,0.37251638708435997,0.40269000000000005
2025-05-20 00:00:00,"STRK",98.98,99.2,99.33,98.5,0.02751918158567778,0.2555,0.2555,964710000,956992320,37625964.800000004,24007710.934272725,0.08,0.08064516129032258,0.2211889379026827,"2025-06-30",0.47052123187379435,0.7340852412943244,0.723419913476697,0.41567024938244573,0.42028225806451613
2025-05-19 00:00:00,"STRK",96.92,98.47,98.48,96.5195,0.041031530590937546,0.24637499999999996,0.24637499999999996,964710000,949949937,35995216.15,23359222.654952377,0.08,0.08124301817812532,0.22578735578223247,"2025-06-30",0.43831604230060517,0.7144400417040991,0.7243967832407876,0.4394317848798859,0.4198436071900072
2025-05-16 00:00:00,"STRK",97.56,96.5,97.56,96.32,0.03934495959166306,0.22174999999999997,0.22174999999999997,902560000,870970400,35400156.5,21910525.591545455,0.08,0.08290155440414508,0.2398928886829195,"2025-06-30",0.4047799250665926,0.6949862388903546,0.7228918627537377,0.45925402596768555,0.414300518134715
2025-05-15 00:00:00,"STRK",96.9,96.54,96.95,95.06,0.03977031050616759,0.22225000000000006,0.22225000000000006,902560000,871331424,42790486.14,20692961.883363634,0.08,0.08286720530350114,0.23940258128596192,"2025-06-30",0.3786566191665977,0.6787786936645435,0.719027118965256,0.4747786480603575,0.41125958152061315
2025-05-14 00:00:00,"STRK",97.96,96.12,98.39,95.6,0.03530412590387068,0.21700000000000003,0.21700000000000003,902560000,867540672,39791373.120000005,19319763.963363636,0.08,0.08322929671244278,0.2549899188626225,"2025-06-30",0.35024515691556946,0.6611820312332045,0.7174991187993565,0.4948172511983221,0.4335726175613816
2025-05-13 00:00:00,"STRK",97.99,97.03,98.24,96.375,0.08874362951473516,0.228375,0.228375,902560000,875753968,35389072.69,18344925.432095237,0.08,0.08244872719777388,0.2546629216670773,"2025-06-30",0.3116788175256379,0.6420088124034808,0.7173780973882341,0.5215509608370185,0.43451509842316816
2025-05-12 00:00:00,"STRK",94.9,94.38,95.24,94.11,0.0624444444444444,0.19524999999999995,0.19524999999999995,902560000,851836128,42271291.919999994,17492718.0692,0.08,0.0847637211273575,0.25556449068758985,"2025-06-30",0.2582894162602533,0.6140157317075644,0.7205839311428915,0.5508506715530845,0.4290103835558381
2025-05-09 00:00:00,"STRK",92.48,92.65,92.9,92,0.08668981481481482,0.17362500000000008,0.17362500000000008,875160000,810835740,21080191.25,17527890.547909096,0.08,0.08634646519158122,0.25203141032119664,"2025-06-30",0.2220858116787544,0.5964241387663501,0.720898442335367,0.5722415584485242,0.44903399892066914
2025-05-08 00:00:00,"STRK",91.75,91.942,92.36,91.42,0.07849537037037022,0.16477499999999992,0.16477499999999992,875160000,804639607.1999999,26330074.134,17111106.34063637,0.08,0.08701137673750843,0.26231353908245303,"2025-06-30",0.19087230905337138,0.5859094403978056,0.7286183692457754,0.5909917191701506,0.45069717865610925
2025-05-07 00:00:00,"STRK",90.8,90.55,91.26,90.55,0.06238425925925916,0.14737499999999998,0.14737499999999998,875160000,792457380,4687139.649999999,16678855.498181818,0.08,0.0883489784649365,0.2603101008195466,"2025-06-30",0.1622884394830068,0.5780677071808545,0.7341135003237423,0.6082326589988631,0.4334400883489785
2025-05-06 00:00:00,"STRK",90.8,90.41,90.9,90.215,0.08333333333333337,0.14562499999999995,0.14562499999999995,875160000,791232156,10991686.16,17249889.586190477,0.08,0.08848578697046787,0.26148680882763214,"2025-06-30",0.14686084043624342,0.574390052615124,0.7380276680910878,0.6194532141977984,0.4265014931976552
2025-05-05 00:00:00,"STRK",90.7,90.25,90.9699,89.5,0.143625,0.143625,0.143625,875160000,789831900,10312326,17562799.7575,0.08,0.0886426592797784,0.26167788143006876,"2025-06-30",0.1320133016795907,0.570802193374529,0.7427551675528479,0.631780514063504,0.4282880886426592
2025-05-02 00:00:00,"STRK",90.89,90.97,91.095,89.8748,0.15262499999999998,0.15262499999999998,0.15262499999999998,817600000,743770720,58619157.63,17282251.49772727,0.08,0.08794107947675057,0.2649680610686176,"2025-06-30",0.11684114561923613,0.5674972981618767,0.7453873906266045,0.6454132472186584,0.4335165439155766
2025-05-01 00:00:00,"STRK",90.6,89.5,91.49,89.24,0.13425,0.13425,0.13425,817600000,731752000,9661614.5,15754052.742727272,0.08,0.0893854748603352,0.2694209068453079,"2025-06-30",0.09136917842855688,0.5616385796609606,0.7483930936988342,0.6605113750389944,0.4263687150837989
2025-04-30 00:00:00,"STRK",87.54,89.5,89.6385,87.54,0.13425,0.13425,0.13425,817600000,731752000,18311163,16456431.601818182,0.08,0.0893854748603352,0.2722188439288667,"2025-06-30",0.0796790091236619,0.5625679073489415,0.7514071583952847,0.6732000644756885,0.42470391061452517
2025-04-29 00:00:00,"STRK",86.88,89,89.5201,86.58,0.128,0.128,0.128,817600000,727664000,11819823,16368111.059047619,0.08,0.0898876404494382,0.2754909348300362,"2025-06-30",0.06680646808122655,0.5612887498789075,0.7560201821391783,0.6819547160973181,0.4285955056179775
2025-04-28 00:00:00,"STRK",87.85,86.6,87.85,85.62,0.09799999999999993,0.09799999999999993,0.09799999999999993,817600000,708041600,9055675.399999999,16595525.462000001,0.08,0.09237875288683603,0.28680916194606487,"2025-06-30",0.05737720587663583,0.5634168606982595,0.7595137079162421,0.6868005347860336,0.42638568129330257
2025-04-25 00:00:00,"STRK",86.35,86.68,87.4999,86,0.09900000000000009,0.09900000000000009,0.09900000000000009,774112000,671000281.6,23105420.8,16583159.83090909,0.08,0.09229349330872173,0.28682188798902514,"2025-06-30",0.0711309521931509,0.578068336184074,0.7592109486278227,0.6863898067243277,0.4253691739732348
2025-04-24 00:00:00,"STRK",85.25,85.86,86.4,85.25,0.08875,0.08875,0.08875,774112000,664652563.2,5852475.18,17026415.481363636,0.08,0.09317493594223154,0.29055960695250244,"2025-06-30",0.08590854383099199,0.5957137656519682,0.7590142790428519,0.6863199874879035,0.4080363382250175
2025-04-23 00:00:00,"STRK",86.74,85.57,87,85.37,0.08512499999999992,0.08512499999999992,0.08512499999999992,774112000,662407638.4,27235647.45,18932181.706818182,0.08,0.09349070936075728,0.2907110942743449,"2025-06-30",0.10388134022033314,0.6135775837443528,0.7578860398738708,0.6847580109730949,0.4040317868411827
2025-04-22 00:00:00,"STRK",85.8,86.31,87,85.09,0.09437500000000003,0.09437500000000003,0.09437500000000003,774112000,668136067.2,12788380.08,18536778.57619048,0.08,0.0926891437840343,0.28982564833842017,"2025-06-30",0.12397193802427985,0.6341812661286028,0.7570230788904381,0.6829768069463663,0.397439462402966
2025-04-21 00:00:00,"STRK",85.72,85,85.7468,84.25,0.078,0.078,0.078,774112000,657995200,9055305,18824198.501000002,0.08,0.09411764705882353,0.2966099118660982,"2025-06-30",0.13898777139567348,0.6445463874147662,0.7613261895409588,0.6865079314625496,0.37383529411764704
2025-04-17 00:00:00,"STRK",85.01,85.15,85.55,84.01,0.07987500000000007,0.07987500000000007,0.07987500000000007,764991000,651389836.5,12035015.850000001,23408584.42304348,0.08,0.09395184967704051,0.3901055588143099,"2025-06-30",0.15045094644729107,0.6483898750788095,0.7651477752427914,0.6872895717523467,0.3725190839694656
2025-04-16 00:00:00,"STRK",83.75,84.93,85.11,83.61,0.07712500000000008,0.07712500000000008,0.07712500000000008,764991000,649706856.3000001,15448087.56,23415496.899130426,0.08,0.09419521959260567,0.39351380755389176,"2025-06-30",0.16170496242695365,0.6470479487073093,0.7654942032649102,0.6866765612021123,0.36696102672789355
2025-04-15 00:00:00,"STRK",84.8,83.94,85.5,83.7701,0.06474999999999997,0.06474999999999997,0.06474999999999997,764991000,642133445.4,8613754.92,23777651.869090904,0.08,0.09530617107457708,0.3909537720197752,"2025-06-30",0.17120506082507495,0.6448683766487593,0.7653336683524501,0.6879157391640796,0.37016916845365744
2025-04-14 00:00:00,"STRK",85,84.21,85.98,83.604,0.06812499999999992,0.06812499999999992,0.06812499999999992,764991000,644198921.0999999,12580131.899999999,24499742.199999996,0.08,0.09500059375371096,0.39694505168225447,"2025-06-30",0.1839700251942912,0.6419412170369716,0.7600871480915281,0.6832130583259164,0.369849186557416
2025-04-11 00:00:00,"STRK",83.44,84.54,85.5,81.75,0.07225000000000008,0.07225000000000008,0.07225000000000008,764991000,646723391.4000001,33313916.94,24620945.688695654,0.08,0.09462976105985332,0.40573900233624594,"2025-03-31",0.19724771522228346,0.6409216769151743,0.7550391320094775,0.6797360944297376,0.354837946534185
2025-04-10 00:00:00,"STRK",82.5,81.68,83.5,81.49,0.03650000000000009,0.03650000000000009,0.03650000000000009,764991000,624844648.8000001,10854945.280000001,24427316.841304343,0.08,0.0979431929480901,0.3944637373125715,"2025-03-31",0.2020328433180599,0.6374020278116294,0.7507058367220577,0.6859516211434541,0.3334231145935357
2025-04-09 00:00:00,"STRK",81.47,83.99,85.75,79.4,0.06537499999999993,0.06537499999999993,0.06537499999999993,764991000,642515940.9,33861660.37,26779114.211739134,0.08,0.09524943445648291,0.3894742158774376,"2025-03-31",0.18133545911769672,0.6201984505975906,0.7355001422765655,0.6649926207825413,0.353446838909394
2025-04-08 00:00:00,"STRK",82.29,81.13,83.83,81.06,0.029624999999999947,0.029624999999999947,0.029624999999999947,764991000,620637198.3,11910938.69,26457180.29545455,0.08,0.09860717367188464,0.3739162827966907,"2025-03-31",0.184698743333317,0.6120913733018651,0.7296475344104036,0.654641511083949,0.2932947121903119
2025-04-07 00:00:00,"STRK",82.88,81.82,83.89,81.29,0.038249999999999916,0.038249999999999916,0.038249999999999916,764991000,625915636.1999999,16820555.599999998,27149858.46714286,0.08,0.09777560498655587,0.38441493025469275,"2025-03-31",0.11433557456881539,0.5799865480495326,0.7066736633489725,0.623499209664064,0.3277193840136886
2025-04-04 00:00:00,"STRK",84.74,83.9,86,83.66,0.06425000000000007,0.06425000000000007,0.06425000000000007,764991000,641827449,17841586.700000003,25727085.98086957,0.08,0.09535160905840286,0.38465007201688917,"2025-03-31",0.07758801716480455,0.5480010645050538,0.6836235236816551,0.5971588517456439,0.3499523241954708
2025-04-03 00:00:00,"STRK",84.44,83.61,87,83.5,0.060625,0.060625,0.060625,764991000,639608975.1,12140255.61,25722873.69173913,0.08,0.09568233464896543,0.3843086170721377,"2025-03-31",0.07469132554169357,0.5385878438881873,0.6898106888229149,0.6055679725114277,0.33761511780887454
2025-04-02 00:00:00,"STRK",86.9,85.71,87.4886,85.27,0.08687499999999992,0.08687499999999992,0.08687499999999992,764991000,655673786.0999999,9284021.49,26270901.312173907,0.08,0.09333800023334501,0.4031776217963052,"2025-03-31",0.05802632559740155,0.520079464081602,0.6716432336813941,0.5900841216516076,0.3646482324116206
2025-04-01 00:00:00,"STRK",84.5,86.46,88,83.89,0.09624999999999992,0.09624999999999992,0.09624999999999992,764991000,661411218.5999999,24998785.02,27043032.21318181,0.08,0.09252833680314597,0.40952301455339274,"2025-03-31",0.0700793251100758,0.5193721875868529,0.6649999901019776,0.5816675433589233,0.3539440203562341
2025-03-31 00:00:00,"STRK",84,84.01,84.99,83.0901,0.06562500000000007,0.06562500000000007,0.06562500000000007,764991000,642668939.1,25113949.400000002,27140377.31761904,0.08,0.09522675871920008,0.4039112466601734,"2025-03-31",0.07592127899149116,0.5135702058511202,0.6592615420082745,0.5884383949707228,0.3431377216997976
2025-03-28 00:00:00,"STRK",86.26,84.08,86.32,83.6,0.06649999999999998,0.06649999999999998,0.06649999999999998,743600000,625218880,16520290.64,32494533.191739134,0.08,0.09514747859181732,0.432880845797703,"2025-03-31",0.06630746628239464,0.4934715018432819,0.6440251416123993,0.5599627759165469,0.34420789724072315
2025-03-27 00:00:00,"STRK",85.66,85.94,87.1505,85.1701,0.08974999999999997,0.08974999999999997,0.08974999999999997,743600000,639049840,12559099.719999999,33262799.92478261,0.08,0.09308820107051431,0.44874058782015375,"2025-03-31",0.057198991882937686,0.47660952944795426,0.6234547129332554,0.5287925660788262,0.377693739818478
2025-03-26 00:00:00,"STRK",87.08,86.44,87.5,85.5,0.09599999999999997,0.09599999999999997,0.09599999999999997,743600000,642767840,12895292.08,33528134.80217392,0.08,0.09254974548819991,0.44875508777896184,"2025-03-31",0.08296761924305586,0.47404905299557804,0.6140939744522251,0.5118294176048134,0.3809694585839889
2025-03-25 00:00:00,"STRK",87.3,87.03,87.85,86.26,0.10337500000000002,0.10337500000000002,0.10337500000000002,743600000,647155080,32857045.11,34465991.28954546,0.08,0.09192232563483856,0.4487981576886291,"2025-03-31",0.1124023341535274,0.4694020674205729,0.605804541451091,0.4979333210430867,0.3927496265655521
2025-03-24 00:00:00,"STRK",86.5,86.62,88.25,85,0.09825000000000006,0.09825000000000006,0.09825000000000006,743600000,644106320,47779332.14,34542607.77428572,0.08,0.09235742322789194,0.4484968484805452,"2025-03-31",0.15180965340453298,0.4699934499070393,0.6020006371783977,0.49390743336718324,0.38757792657584855
2025-03-21 00:00:00,"STRK",83.1,85,86.3318,82.5,0.078,0.078,0.078,742300000,630955000,63711325,32916878.40304347,0.08,0.09411764705882353,0.45757443085850424,"2025-03-31",0.1960876084505258,0.47169782062703464,0.5965752930660045,0.4931417261015813,0.35764705882352943
2025-03-20 00:00:00,"STRK",83.5,83,83.7531,82.01,0.053000000000000005,0.053000000000000005,0.053000000000000005,742300000,616109000,41016193,32468957.968260862,0.08,0.0963855421686747,0.4563230586579313,"2025-03-31",0.21693111929998238,0.4529477554276464,0.5774663751261957,0.4886417865137937,0.36393975903614456
2025-03-19 00:00:00,"STRK",86.25,83.9,86.65,83.7,0.06425000000000007,0.06425000000000007,0.06425000000000007,742300000,622789700,42073836.400000006,32080447.284999993,0.08,0.09535160905840286,0.46362882239051856,"2025-03-31",0.2500782033175594,0.42998747425114187,0.5539481783717879,0.49168381261286276,0.3626102502979738
2025-03-18 00:00:00,"STRK",85.89,84.97,88,84.3,0.07762499999999999,0.07762499999999999,0.07762499999999999,742300000,630732310,24167422.31,31604571.612857137,0.08,0.09415087678004001,0.47082860305349344,"2025-03-31",0.2891191029347143,0.4153393489038348,0.5298654636134823,0.5005279741995674,0.33328233494174414
2025-03-17 00:00:00,"STRK",90.5,88.2,90.5,87.07,0.11800000000000004,0.11800000000000004,0.11800000000000004,742300000,654708600,12194002.8,31976429.077999998,0.08,0.09070294784580499,0.46459642803662315,"2025-03-31",0.2855722582400387,0.37307882157619615,0.4898820997444836,0.48054474390563845,0.3336394557823129
2025-03-14 00:00:00,"STRK",88,88.34,88.69,87.12,0.11975000000000005,0.11975000000000005,0.11975000000000005,733000000,647532200,29089743.62,32446773.472727265,0.08,0.0905592030790129,0.4740596398817836,"2025-03-31",0.29027622914406115,0.3561621231078782,0.47335892738281665,0.4694990518339503,0.33675571654969433
2025-03-13 00:00:00,"STRK",88.34,86.77,89.0799,86.75,0.08462499999999995,0.08462499999999995,0.08462499999999995,730000000,633421000,19253915.919999998,32492319.583636355,0.08,0.09219776420421805,0.481152416869373,"2025-03-31",0.2982701864298524,0.3382969092531012,0.4538750556434184,0.4518488264552939,0.3033997925550306
2025-03-12 00:00:00,"STRK",88,87.25,88,86.05,0.090625,0.090625,0.090625,730000000,636925000,16023637,34125684.200909086,0.08,0.09169054441260745,0.49144124102674835,"2025-03-31",0.2657983487539413,0.2782321355447002,0.3968790790877096,0.3998009040995797,0.3009169054441261
2025-03-11 00:00:00,"STRK",85.27,87.03,88.57,85,0.08787500000000001,0.08787500000000001,0.08787500000000001,730000000,635319000,28860453.45,34987686.44857142,0.08,0.09192232563483856,0.5029886745021958,"2025-03-31",0.22967270460429992,0.22693769313196394,0.33790593509849337,0.34602660870630786,0.29942548546478226
2025-03-10 00:00:00,"STRK",89.3,84.8,89.85,83.45,0.05999999999999996,0.05999999999999996,0.05999999999999996,730000000,619040000,64946284.8,35294048.09849999,0.08,0.09433962264150944,0.5075566591640792,"2025-03-31",0.18053654263104724,0.1595587100437507,0.24292054015889178,0.2517320667015518,0.2821580188679246
2025-03-07 00:00:00,"STRK",93.7,92.4,94.0999,91.91,0.15500000000000008,0.15500000000000008,0.15500000000000008,730000000,674520000,8430114,36663044.71285714,0.08,0.08658008658008658,0.41025326008660995,"2025-03-31",0.019697800648645323,-0.06299576917957708,0.01760255998003578,-0.01784243787660358,0.3108008658008658
2025-03-06 00:00:00,"STRK",93,94.4,94.4,92.4,0.18000000000000008,0.18000000000000008,0.18000000000000008,730000000,689120000,16710876.8,38074691.2485,0.08,0.0847457627118644,0.4096714323924699,"2025-03-31",0.021515428388918588,-0.06012204375393381,0.02699995393108279,-0.007859712363705737,0.3221504237288136
2025-03-05 00:00:00,"STRK",93.68,94.35,94.5,92.25,0.17937499999999992,0.17937499999999992,0.17937499999999992,730000000,688755000,13255514.549999999,39199102.53526316,0.08,0.08479067302596714,0.4210387304100701,"2025-03-31",0.017276798070354867,-0.03769485771935772,0.12189062356596504,0.09708398332123018,0.3270270270270271
2025-03-04 00:00:00,"STRK",89.5,92.55,93.44,89.5,0.15687499999999996,0.15687499999999996,0.15687499999999996,730000000,675615000,17744704.05,40640412.97888889,0.08,0.0864397622906537,0.43063493669078046,"2025-03-31",0.0071851888640634435,-0.02290824237750697,0.19768227998655943,0.212438956121588,0.29729875742841705
2025-03-03 00:00:00,"STRK",94.75,90.24,95,89.5,0.12799999999999995,0.12799999999999995,0.12799999999999995,730000000,658752000,24744890.88,41987219.38647059,0.08,0.08865248226950355,0.4366629380262966,"2025-03-31",0.01619313150294752,-0.010078647135980515,0.2721645421036364,0.324827867103825,0.2780585106382979
2025-02-28 00:00:00,"STRK",92,92.4,94.63,91.05,0.15500000000000008,0.15500000000000008,0.15500000000000008,730000000,674520000,118422796.80000001,43064864.918125,0.08,0.08658008658008658,0.4354022101757118,"2025-03-31",-0.02671912452710957,-0.05039278685324944,0.2517235007365624,0.3070193802744886,0.27643939393939393
2025-02-27 00:00:00,"STRK",94.5,91.59,94.5,91.5,0.14487500000000003,0.14487500000000003,0.14487500000000003,730000000,668607000,35035281.57,38041002.792666666,0.08,0.08734578010699857,0.45164150035747475,"2025-03-31",-0.014168431780256865,-0.03822796125994146,0.27304450335874175,0.32009132602611534,0.26209193143356263
2025-02-26 00:00:00,"STRK",90.49,93.13,94.63,89.5091,0.16412499999999994,0.16412499999999994,0.16412499999999994,730000000,679849000,49082210.769999996,38255697.16571428,0.08,0.08590142811124235,0.4579156187771483,"2025-03-31",-0.03157641476767099,-0.06453635444677336,0.3377439244968137,0.3249217222409189,0.28269086223558465
2025-02-25 00:00:00,"STRK",91.5,90.75,92.3435,89,0.134375,0.134375,0.134375,730000000,662475000,34190425.5,37422888.426923074,0.08,0.0881542699724518,0.4693149220791699,"2025-03-31",0.016517548973675536,0.0059502644766268615,0.42578563499362654,0.31821018996516504,0.27604407713498624
2025-02-24 00:00:00,"STRK",93.95,93.1,94.79,92.5,0.16374999999999992,0.16374999999999992,0.16374999999999992,730000000,679630000,18661801.9,37692260.3375,0.08,0.08592910848549946,0.4638467318288395,"2025-03-31",-0.07330209644136727,-0.11598110992407319,0.4645087512503981,0.4222821727960983,0.3037164339419979
2025-02-21 00:00:00,"STRK",99.1,93.01,99.1,92.12,0.16262500000000008,0.16262500000000008,0.16262500000000008,730000000,678973000,20994775.26,39422302.01363636,0.08,0.08601225674658639,0.48704856150281506,"2025-03-31",-0.006188034632243684,-0.08335907409878979,0.619467827440229,0.41672011382169327,0.3222126653048059
2025-02-20 00:00:00,"STRK",97,97.75,98.5,96.002,0.221875,0.221875,0.221875,730000000,713575000,21737938.25,41265054.688999996,0.08,0.08184143222506395,0.3798347978959462,"2025-03-31",0.11632424086848017,-0.0526633135897139,0.7846317546634433,0.4320207225665932,0.3313759590792839
2025-02-19 00:00:00,"STRK",100,95.78,100.25,95.4,0.19725,0.19725,0.19725,730000000,699194000,36740058.64,43434734.29333333,0.08,0.08352474420547087,0.40513472500141096,"2025-03-31",0.23078322578391508,-0.4391716701949623,0.7753993434779843,0.5113258018241366,0.33271037794946756
2025-02-18 00:00:00,"STRK",95.1,98.6,98.9999,93.1585,0.23249999999999993,0.23249999999999993,0.23249999999999993,730000000,719780000,53409155,44271568.75,0.08,0.08113590263691683,0.310321952383156,"2025-03-31",0.5576690941117026,-0.46241178754759793,0.7230156516100306,0.4788909192873063,0.33871196754563904
2025-02-14 00:00:00,"STRK",90.2,94.04,94.35,90.02,0.17550000000000007,0.17550000000000007,0.17550000000000007,730000000,686492000,22840905.400000002,42966199.28571428,0.08,0.08507018290089323,0.2782119952225124,"2025-03-31",0.4894759400928481,0.2509313824894379,0.5506687507753801,0.36211846678020343,0.3591344108889834
2025-02-13 00:00:00,"STRK",90,90.26,90.26,89.5,0.12825000000000006,0.12825000000000006,0.12825000000000006,730000000,658898000,22260282.240000002,46320414.93333334,0.08,0.08863283846665189,0.23531919591509554,"2025-03-31",0.0017277198556993217,-0.04637978224364548,0.2821486975727017,-0.23533473540971778,0.3599822734323067
2025-02-12 00:00:00,"STRK",89.7,90,92.25,88.02,0.125,0.125,0.125,730000000,657000000,41393250,51132441.472,0.08,0.08888888888888889,0.2513795733520263,"2025-03-31",0.06928596034074773,-0.01109624659011997,-0.03285237949878373,-0.5348641380078534,0.3631333333333333
2025-02-11 00:00:00,"STRK",90.29,89.57,91.79,89.36,0.11962499999999991,0.11962499999999991,0.11962499999999991,730000000,653861000,30091758.06,53567239.34,0.08,0.08931561906888467,0.27500255302662213,"2025-03-31",0.07629759710256073,-0.19448753955336662,0.06793007371142833,-0.33891235623195753,0.3566595958468237
2025-02-10 00:00:00,"STRK",89.05,89.5,89.99,88,0.11875,0.11875,0.11875,730000000,653350000,55187937.5,61392399.76666667,0.08,0.0893854748603352,0.1593669943091045,"2025-03-31",0.9886201266875831,0.41962132553901016,-0.10628512411288363,-0.2951014515367439,0.373877094972067
2025-02-07 00:00:00,"STRK",85.5,86.4,87.88,85.25,0.08000000000000007,0.08000000000000007,0.08000000000000007,730000000,630720000,73247760,64494630.9,0.08,0.09259259259259259,0,"2025-03-31",1,-1,-1,-1,0.3791203703703704
2025-02-06 00:00:00,"STRK",85.75,84.6,95,84.55,0.057499999999999926,0.057499999999999926,0.057499999999999926,730000000,617580000,55741501.8,55741501.8,0.08,0.09456264775413713,0,"2025-03-31",0,0,0,0,0.3847044917257683